순번,수신자,주소,연락처
1,서울특별시청,서울특별시 중구 세종대로 110,010-0000-0001
2,서울시청 오탈자,서울 중구 세종데로 110,010-0000-0002
3,부산광역시청,부산광역시 연제구 중앙대로 1001,010-0000-0003
4,대구광역시청 띄어쓰기없음,대구광역시중구공평로88,010-0000-0004
5,정부대전청사(기상청),대전 서구 청사로 189 정부대전청사 1동 11층,010-0000-0005
6,정부대전청사 지번,대전 서구 둔산동 920,010-0000-0006
7,시군구 없는 지번,둔산동 920,010-0000-0007
8,정읍시청,전북특별자치도 정읍시 충정로 234,010-0000-0008
9,정읍시청 옛 시도명,전라북도 정읍시 충정로 234,010-0000-0009
10,전주시청,전주시 완산구 노송광장로 10,010-0000-0010
11,광주광역시청,광주광역시 서구 내방로 111,010-0000-0011
12,세종청사(시군구 없음),세종특별자치시 다솜로 261,010-0000-0012
13,국립수산과학원 옛 지번,부산 기장군 기장읍 시랑리 408-1,010-0000-0013
14,국립수산과학원 도로명,부산광역시 기장군 기장읍 기장해안로 216,010-0000-0014
15,강원도청 옛 시도명,강원도 춘천시 중앙로 1,010-0000-0015
16,제주도청,제주특별자치도 제주시 문연로 6,010-0000-0016
17,우정사업본부,세종특별자치시 도움5로 19,010-0000-0017
18,정읍우체국,전북특별자치도 정읍시 충정로 146,010-0000-0018
19,지하 주소,서울 종로구 종로 지하 55,010-0000-0019
20,아파트 동호수,전주시 완산구 효자로 225 302호,010-0000-0020
